DATE,DCOILBRENTEU
1988-05-12,16.40
1988-05-13,16.50
1988-05-16,16.60
1988-05-17,16.60
1988-05-18,16.40
1988-05-19,16.25
1988-05-20,16.45
1988-05-23,16.23
1988-05-24,16.30
1988-05-25,16.18
1988-05-26,16.18
1988-05-27,16.25
1988-05-30,16.23
1988-05-31,16.20
1988-06-01,16.33
1988-06-02,16.33
1988-06-03,16.45
1988-06-06,16.25
1988-06-07,16.23
1988-06-08,16.28
1988-06-09,16.30
1988-06-10,15.85
1988-06-13,15.53
1988-06-14,15.85
1988-06-15,15.70
1988-06-16,15.43
1988-06-17,15.48
1988-06-20,15.00
1988-06-21,15.00
1988-06-22,15.13
1988-06-23,15.18
1988-06-24,15.15
1988-06-27,14.93
1988-06-28,14.83
1988-06-29,14.55
1988-06-30,14.18
1988-07-01,13.95
1988-07-04,14.05
1988-07-05,13.98
1988-07-06,14.50
1988-07-07,15.50
1988-07-08,15.05
1988-07-11,14.63
1988-07-12,14.00
1988-07-13,14.10
1988-07-14,14.10
1988-07-15,14.25
1988-07-18,15.00
1988-07-19,14.93
1988-07-20,15.48
1988-07-21,15.63
1988-07-22,15.83
1988-07-25,15.80
1988-07-26,15.38
1988-07-27,15.45
1988-07-28,15.70
1988-07-29,15.75
1988-08-01,15.60
1988-08-02,15.35
1988-08-03,15.00
1988-08-04,14.50
1988-08-05,14.85
1988-08-08,15.48
1988-08-09,15.40
1988-08-10,15.10
1988-08-11,15.13
1988-08-12,14.98
1988-08-15,14.80
1988-08-16,14.85
1988-08-17,14.75
1988-08-18,14.78
1988-08-19,14.85
1988-08-22,15.03
1988-08-23,14.80
1988-08-24,14.85
1988-08-25,14.63
1988-08-26,14.50
1988-08-29,14.48
1988-08-30,14.45
1988-08-31,14.40
1988-09-01,14.15
1988-09-02,14.00
1988-09-05,13.68
1988-09-06,13.35
1988-09-07,13.18
1988-09-08,13.30
1988-09-09,13.25
1988-09-12,12.70
1988-09-13,13.40
1988-09-14,13.90
1988-09-15,13.50
1988-09-16,13.23
1988-09-19,12.85
1988-09-20,13.15
1988-09-21,13.05
1988-09-22,13.20
1988-09-23,13.20
1988-09-26,13.10
1988-09-27,12.58
1988-09-28,12.75
1988-09-29,12.50
1988-09-30,11.93
1988-10-03,11.60
1988-10-04,11.65
1988-10-05,11.20
1988-10-06,11.30
1988-10-07,11.35
1988-10-10,12.20
1988-10-11,12.35
1988-10-12,12.45
1988-10-13,12.55
1988-10-14,13.20
1988-10-17,13.55
1988-10-18,12.90
1988-10-19,13.35
1988-10-20,13.50
1988-10-21,13.48
1988-10-24,12.20
1988-10-25,12.08
1988-10-26,12.08
1988-10-27,12.33
1988-10-28,12.60
1988-10-31,12.60
1988-11-01,12.18
1988-11-02,12.35
1988-11-03,12.50
1988-11-04,12.75
1988-11-07,12.75
1988-11-08,12.60
1988-11-09,12.70
1988-11-10,13.03
1988-11-11,13.03
1988-11-14,13.00
1988-11-15,13.00
1988-11-16,12.70
1988-11-17,12.05
1988-11-18,12.08
1988-11-21,12.13
1988-11-22,13.35
1988-11-23,13.33
1988-11-24,12.98
1988-11-25,14.70
1988-11-28,14.73
1988-11-29,14.25
1988-11-30,14.35
1988-12-01,14.93
1988-12-02,14.80
1988-12-05,14.73
1988-12-06,14.40
1988-12-07,14.70
1988-12-08,15.05
1988-12-09,14.90
1988-12-12,15.20
1988-12-13,15.18
1988-12-14,15.35
1988-12-15,15.58
1988-12-16,15.60
1988-12-19,15.30
1988-12-20,15.28
1988-12-21,15.33
1988-12-22,15.25
1988-12-23,15.38
1988-12-26,.
1988-12-27,16.25
1988-12-28,16.10
1988-12-29,15.90
1988-12-30,16.23
1989-01-02,.
1989-01-03,16.40
1989-01-04,16.53
1989-01-05,16.58
1989-01-06,16.85
1989-01-09,17.00
1989-01-10,16.75
1989-01-11,16.90
1989-01-12,16.85
1989-01-13,17.40
1989-01-16,17.50
1989-01-17,17.78
1989-01-18,17.95
1989-01-19,18.10
1989-01-20,18.15
1989-01-23,16.98
1989-01-24,17.05
1989-01-25,17.70
1989-01-26,17.73
1989-01-27,17.18
1989-01-30,16.85
1989-01-31,16.38
1989-02-01,16.40
1989-02-02,16.95
1989-02-03,16.75
1989-02-06,16.50
1989-02-07,16.60
1989-02-08,16.75
1989-02-09,16.58
1989-02-10,16.40
1989-02-13,16.50
1989-02-14,16.83
1989-02-15,16.75
1989-02-16,17.15
1989-02-17,17.15
1989-02-20,17.38
1989-02-21,17.20
1989-02-22,16.95
1989-02-23,17.10
1989-02-24,17.05
1989-02-27,17.55
1989-02-28,17.23
1989-03-01,17.25
1989-03-02,17.45
1989-03-03,17.73
1989-03-06,17.73
1989-03-07,17.55
1989-03-08,17.55
1989-03-09,17.80
1989-03-10,17.63
1989-03-13,18.10
1989-03-14,18.63
1989-03-15,19.08
1989-03-16,18.95
1989-03-17,19.30
1989-03-20,19.18
1989-03-21,19.63
1989-03-22,19.60
1989-03-23,19.93
1989-03-24,.
1989-03-27,.
1989-03-28,19.73
1989-03-29,19.45
1989-03-30,20.00
1989-03-31,20.45
1989-04-03,19.65
1989-04-04,19.90
1989-04-05,19.75
1989-04-06,19.08
1989-04-07,19.40
1989-04-10,19.60
1989-04-11,19.95
1989-04-12,19.85
1989-04-13,19.95
1989-04-14,19.63
1989-04-17,19.88
1989-04-18,20.20
1989-04-19,21.50
1989-04-20,22.25
1989-04-21,21.60
1989-04-24,21.20
1989-04-25,21.15
1989-04-26,21.05
1989-04-27,20.65
1989-04-28,20.15
1989-05-01,.
1989-05-02,19.15
1989-05-03,18.88
1989-05-04,19.70
1989-05-05,19.40
1989-05-08,18.80
1989-05-09,19.03
1989-05-10,18.88
1989-05-11,19.30
1989-05-12,19.20
1989-05-15,19.20
1989-05-16,19.80
1989-05-17,18.58
1989-05-18,18.60
1989-05-19,18.30
1989-05-22,17.40
1989-05-23,17.70
1989-05-24,18.15
1989-05-25,18.20
1989-05-26,17.65
1989-05-29,17.73
1989-05-30,18.03
1989-05-31,18.25
1989-06-01,18.08
1989-06-02,18.15
1989-06-05,18.55
1989-06-06,18.50
1989-06-07,18.15
1989-06-08,17.80
1989-06-09,17.95
1989-06-12,17.18
1989-06-13,16.80
1989-06-14,16.90
1989-06-15,16.95
1989-06-16,16.65
1989-06-19,16.85
1989-06-20,16.88
1989-06-21,17.13
1989-06-22,17.30
1989-06-23,18.03
1989-06-26,18.23
1989-06-27,18.20
1989-06-28,18.00
1989-06-29,18.20
1989-06-30,18.28
1989-07-03,18.40
1989-07-04,18.60
1989-07-05,18.75
1989-07-06,18.30
1989-07-07,17.85
1989-07-10,17.83
1989-07-11,17.63
1989-07-12,17.65
1989-07-13,17.60
1989-07-14,17.90
1989-07-17,18.05
1989-07-18,18.05
1989-07-19,17.85
1989-07-20,17.98
1989-07-21,17.83
1989-07-24,17.30
1989-07-25,17.05
1989-07-26,16.50
1989-07-27,16.28
1989-07-28,16.38
1989-07-31,16.30
1989-08-01,16.23
1989-08-02,16.10
1989-08-03,16.40
1989-08-04,16.15
1989-08-07,16.05
1989-08-08,16.28
1989-08-09,16.45
1989-08-10,16.93
1989-08-11,17.00
1989-08-14,16.85
1989-08-15,17.00
1989-08-16,17.00
1989-08-17,16.95
1989-08-18,16.83
1989-08-21,16.90
1989-08-22,17.10
1989-08-23,17.08
1989-08-24,17.05
1989-08-25,16.95
1989-08-28,16.98
1989-08-29,17.10
1989-08-30,17.13
1989-08-31,17.20
1989-09-01,17.33
1989-09-04,17.43
1989-09-05,17.45
1989-09-06,17.80
1989-09-07,17.80
1989-09-08,17.83
1989-09-11,17.98
1989-09-12,17.90
1989-09-13,18.05
1989-09-14,17.90
1989-09-15,17.88
1989-09-18,18.05
1989-09-19,17.90
1989-09-20,17.80
1989-09-21,17.85
1989-09-22,17.53
1989-09-25,17.45
1989-09-26,17.45
1989-09-27,17.55
1989-09-28,17.93
1989-09-29,18.23
1989-10-02,18.58
1989-10-03,18.73
1989-10-04,18.78
1989-10-05,18.43
1989-10-06,18.45
1989-10-09,18.25
1989-10-10,18.55
1989-10-11,18.85
1989-10-12,19.23
1989-10-13,19.60
1989-10-16,19.38
1989-10-17,19.53
1989-10-18,19.43
1989-10-19,19.33
1989-10-20,19.20
1989-10-23,18.88
1989-10-24,18.80
1989-10-25,18.88
1989-10-26,18.48
1989-10-27,18.70
1989-10-30,18.98
1989-10-31,18.93
1989-11-01,19.23
1989-11-02,19.20
1989-11-03,19.00
1989-11-06,18.95
1989-11-07,18.90
1989-11-08,18.90
1989-11-09,18.85
1989-11-10,19.05
1989-11-13,18.85
1989-11-14,18.70
1989-11-15,18.65
1989-11-16,18.65
1989-11-17,18.75
1989-11-20,18.80
1989-11-21,18.68
1989-11-22,18.60
1989-11-23,18.40
1989-11-24,18.48
1989-11-27,18.50
1989-11-28,18.23
1989-11-29,18.15
1989-11-30,18.48
1989-12-01,18.68
1989-12-04,19.28
1989-12-05,19.18
1989-12-06,19.28
1989-12-07,19.33
1989-12-08,19.15
1989-12-11,19.45
1989-12-12,19.53
1989-12-13,19.78
1989-12-14,19.68
1989-12-15,19.68
1989-12-18,19.98
1989-12-19,20.28
1989-12-20,20.23
1989-12-21,20.13
1989-12-22,20.50
1989-12-25,.
1989-12-26,.
1989-12-27,20.90
1989-12-28,20.85
1989-12-29,21.05
1990-01-01,.
1990-01-02,21.20
1990-01-03,22.65
1990-01-04,22.50
1990-01-05,23.13
1990-01-08,21.38
1990-01-09,21.03
1990-01-10,21.95
1990-01-11,21.88
1990-01-12,22.13
1990-01-15,21.60
1990-01-16,21.15
1990-01-17,20.45
1990-01-18,20.78
1990-01-19,21.28
1990-01-22,20.88
1990-01-23,20.23
1990-01-24,20.18
1990-01-25,20.55
1990-01-26,20.63
1990-01-29,20.73
1990-01-30,20.73
1990-01-31,20.50
1990-02-01,20.58
1990-02-02,20.73
1990-02-05,20.73
1990-02-06,20.60
1990-02-07,20.15
1990-02-08,20.05
1990-02-09,19.75
1990-02-12,19.68
1990-02-13,20.03
1990-02-14,19.60
1990-02-15,19.90
1990-02-16,19.88
1990-02-19,19.95
1990-02-20,19.68
1990-02-21,19.50
1990-02-22,19.35
1990-02-23,18.78
1990-02-26,18.90
1990-02-27,19.23
1990-02-28,19.20
1990-03-01,19.33
1990-03-02,19.18
1990-03-05,19.15
1990-03-06,19.18
1990-03-07,18.95
1990-03-08,18.73
1990-03-09,18.68
1990-03-12,18.30
1990-03-13,18.53
1990-03-14,18.33
1990-03-15,18.48
1990-03-16,18.40
1990-03-19,17.83
1990-03-20,17.75
1990-03-21,17.78
1990-03-22,17.83
1990-03-23,17.88
1990-03-26,18.23
1990-03-27,18.10
1990-03-28,18.03
1990-03-29,17.90
1990-03-30,17.95
1990-04-02,18.18
1990-04-03,18.20
1990-04-04,17.95
1990-04-05,17.55
1990-04-06,17.10
1990-04-09,16.53
1990-04-10,15.93
1990-04-11,15.30
1990-04-12,15.80
1990-04-13,.
1990-04-16,.
1990-04-17,15.70
1990-04-18,15.33
1990-04-19,16.13
1990-04-20,16.35
1990-04-23,16.95
1990-04-24,16.75
1990-04-25,16.50
1990-04-26,16.60
1990-04-27,16.43
1990-04-30,16.35
1990-05-01,16.43
1990-05-02,16.58
1990-05-03,15.93
1990-05-04,15.58
1990-05-07,15.65
1990-05-08,16.18
1990-05-09,16.45
1990-05-10,16.70
1990-05-11,16.73
1990-05-14,17.40
1990-05-15,17.40
1990-05-16,17.25
1990-05-17,17.05
1990-05-18,17.08
1990-05-21,16.65
1990-05-22,16.48
1990-05-23,15.70
1990-05-24,15.80
1990-05-25,15.95
1990-05-28,.
1990-05-29,15.48
1990-05-30,15.98
1990-05-31,15.30
1990-06-01,15.43
1990-06-04,15.35
1990-06-05,14.78
1990-06-06,14.80
1990-06-07,15.03
1990-06-08,14.68
1990-06-11,14.73
1990-06-12,14.95
1990-06-13,14.90
1990-06-14,15.30
1990-06-15,15.15
1990-06-18,14.83
1990-06-19,14.75
1990-06-20,14.75
1990-06-21,14.75
1990-06-22,15.40
1990-06-25,15.58
1990-06-26,15.58
1990-06-27,15.33
1990-06-28,15.40
1990-06-29,15.73
1990-07-02,15.40
1990-07-03,15.48
1990-07-04,15.48
1990-07-05,15.23
1990-07-06,15.35
1990-07-09,14.98
1990-07-10,15.58
1990-07-11,15.70
1990-07-12,15.88
1990-07-13,17.03
1990-07-16,17.70
1990-07-17,17.58
1990-07-18,17.70
1990-07-19,17.85
1990-07-20,18.00
1990-07-23,18.73
1990-07-24,19.08
1990-07-25,19.00
1990-07-26,18.73
1990-07-27,19.03
1990-07-30,18.98
1990-07-31,19.23
1990-08-01,19.93
1990-08-02,22.25
1990-08-03,24.13
1990-08-06,27.28
1990-08-07,27.35
1990-08-08,25.15
1990-08-09,25.90
1990-08-10,26.30
1990-08-13,26.63
1990-08-14,27.10
1990-08-15,26.53
1990-08-16,27.20
1990-08-17,28.45
1990-08-20,28.90
1990-08-21,29.05
1990-08-22,30.45
1990-08-23,32.35
1990-08-24,31.65
1990-08-27,27.65
1990-08-28,27.65
1990-08-29,27.65
1990-08-30,27.50
1990-08-31,27.80
1990-09-03,30.53
1990-09-04,30.08
1990-09-05,31.23
1990-09-06,32.15
1990-09-07,31.45
1990-09-10,31.45
1990-09-11,32.10
1990-09-12,31.28
1990-09-13,31.88
1990-09-14,33.35
1990-09-17,34.90
1990-09-18,35.95
1990-09-19,35.08
1990-09-20,35.65
1990-09-21,36.95
1990-09-24,40.75
1990-09-25,39.90
1990-09-26,40.85
1990-09-27,41.45
1990-09-28,41.00
1990-10-01,38.95
1990-10-02,35.45
1990-10-03,37.55
1990-10-04,37.20
1990-10-05,39.05
1990-10-08,39.20
1990-10-09,40.90
1990-10-10,40.20
1990-10-11,41.15
1990-10-12,39.90
1990-10-15,38.28
1990-10-16,38.93
1990-10-17,35.33
1990-10-18,35.65
1990-10-19,33.20
1990-10-22,27.45
1990-10-23,28.95
1990-10-24,30.10
1990-10-25,32.90
1990-10-26,33.73
1990-10-29,34.65
1990-10-30,35.50
1990-10-31,34.30
1990-11-01,35.65
1990-11-02,35.05
1990-11-05,33.80
1990-11-06,33.20
1990-11-07,34.55
1990-11-08,34.85
1990-11-09,34.25
1990-11-12,32.85
1990-11-13,33.65
1990-11-14,31.95
1990-11-15,32.20
1990-11-16,30.55
1990-11-19,30.85
1990-11-20,30.10
1990-11-21,30.65
1990-11-22,31.40
1990-11-23,32.05
1990-11-26,35.10
1990-11-27,34.83
1990-11-28,34.10
1990-11-29,34.65
1990-11-30,31.20
1990-12-03,31.25
1990-12-04,31.50
1990-12-05,30.20
1990-12-06,27.35
1990-12-07,28.30
1990-12-10,28.75
1990-12-11,28.03
1990-12-12,27.28
1990-12-13,27.80
1990-12-14,28.45
1990-12-17,28.20
1990-12-18,27.55
1990-12-19,28.13
1990-12-20,27.55
1990-12-21,26.90
1990-12-24,27.70
1990-12-25,.
1990-12-26,27.70
1990-12-27,27.05
1990-12-28,27.43
1990-12-31,28.35
1991-01-01,.
1991-01-02,26.78
1991-01-03,25.05
1991-01-04,24.08
1991-01-07,25.93
1991-01-08,25.73
1991-01-09,22.35
1991-01-10,26.58
1991-01-11,26.05
1991-01-14,29.55
1991-01-15,29.25
1991-01-16,30.28
1991-01-17,21.10
1991-01-18,19.10
1991-01-21,19.25
1991-01-22,20.73
1991-01-23,22.15
1991-01-24,20.90
1991-01-25,20.80
1991-01-28,20.40
1991-01-29,20.75
1991-01-30,20.95
1991-01-31,20.70
1991-02-01,20.80
1991-02-04,20.45
1991-02-05,20.20
1991-02-06,20.93
1991-02-07,20.90
1991-02-08,20.65
1991-02-11,21.23
1991-02-12,21.10
1991-02-13,21.00
1991-02-14,20.50
1991-02-15,18.35
1991-02-18,17.68
1991-02-19,17.85
1991-02-20,18.75
1991-02-21,18.55
1991-02-22,17.80
1991-02-25,17.83
1991-02-26,18.00
1991-02-27,18.65
1991-02-28,19.50
1991-03-01,19.33
1991-03-04,20.20
1991-03-05,20.05
1991-03-06,19.85
1991-03-07,19.65
1991-03-08,19.10
1991-03-11,18.60
1991-03-12,18.43
1991-03-13,20.33
1991-03-14,19.98
1991-03-15,19.05
1991-03-18,18.30
1991-03-19,18.95
1991-03-20,18.98
1991-03-21,18.80
1991-03-22,18.95
1991-03-25,18.60
1991-03-26,18.35
1991-03-27,18.15
1991-03-28,18.00
1991-03-29,.
1991-04-01,18.00
1991-04-02,17.63
1991-04-03,17.75
1991-04-04,18.00
1991-04-05,18.35
1991-04-08,18.58
1991-04-09,18.60
1991-04-10,19.25
1991-04-11,19.50
1991-04-12,19.93
1991-04-15,20.23
1991-04-16,19.90
1991-04-17,19.85
1991-04-18,19.40
1991-04-19,19.18
1991-04-22,19.78
1991-04-23,19.60
1991-04-24,19.55
1991-04-25,19.60
1991-04-26,19.63
1991-04-29,19.95
1991-04-30,19.70
1991-05-01,19.70
1991-05-02,19.70
1991-05-03,19.55
1991-05-06,19.80
1991-05-07,19.85
1991-05-08,19.80
1991-05-09,20.08
1991-05-10,19.53
1991-05-13,19.25
1991-05-14,18.95
1991-05-15,18.80
1991-05-16,18.75
1991-05-17,18.75
1991-05-20,18.90
1991-05-21,19.03
1991-05-22,18.58
1991-05-23,18.78
1991-05-24,18.83
1991-05-27,.
1991-05-28,19.00
1991-05-29,18.75
1991-05-30,18.73
1991-05-31,19.00
1991-06-03,19.00
1991-06-04,18.83
1991-06-05,18.63
1991-06-06,18.03
1991-06-07,18.28
1991-06-10,18.00
1991-06-11,17.85
1991-06-12,17.73
1991-06-13,18.00
1991-06-14,17.70
1991-06-17,17.85
1991-06-18,18.00
1991-06-19,17.88
1991-06-20,18.15
1991-06-21,18.43
1991-06-24,18.18
1991-06-25,18.15
1991-06-26,18.10
1991-06-27,18.08
1991-06-28,18.48
1991-07-01,18.53
1991-07-02,18.55
1991-07-03,18.50
1991-07-04,18.48
1991-07-05,18.70
1991-07-08,18.98
1991-07-09,19.03
1991-07-10,19.23
1991-07-11,19.20
1991-07-12,19.78
1991-07-15,19.60
1991-07-16,19.83
1991-07-17,20.13
1991-07-18,20.28
1991-07-19,20.28
1991-07-22,20.08
1991-07-23,19.58
1991-07-24,19.33
1991-07-25,19.60
1991-07-26,19.73
1991-07-29,19.58
1991-07-30,19.48
1991-07-31,19.65
1991-08-01,19.73
1991-08-02,19.40
1991-08-05,19.50
1991-08-06,19.45
1991-08-07,19.35
1991-08-08,19.70
1991-08-09,19.58
1991-08-12,19.63
1991-08-13,19.50
1991-08-14,19.23
1991-08-15,19.25
1991-08-16,19.35
1991-08-19,20.55
1991-08-20,20.98
1991-08-21,19.55
1991-08-22,19.53
1991-08-23,19.85
1991-08-26,20.03
1991-08-27,20.03
1991-08-28,19.98
1991-08-29,20.30
1991-08-30,20.53
1991-09-02,20.65
1991-09-03,20.55
1991-09-04,20.25
1991-09-05,20.10
1991-09-06,20.13
1991-09-09,19.85
1991-09-10,19.93
1991-09-11,20.00
1991-09-12,20.25
1991-09-13,20.35
1991-09-16,20.53
1991-09-17,20.30
1991-09-18,20.53
1991-09-19,20.43
1991-09-20,20.55
1991-09-23,20.83
1991-09-24,20.75
1991-09-25,20.65
1991-09-26,21.00
1991-09-27,21.48
1991-09-30,21.43
1991-10-01,21.15
1991-10-02,21.30
1991-10-03,21.75
1991-10-04,21.83
1991-10-07,21.98
1991-10-08,21.95
1991-10-09,22.43
1991-10-10,22.13
1991-10-11,22.08
1991-10-14,22.60
1991-10-15,22.83
1991-10-16,22.60
1991-10-17,22.73
1991-10-18,23.00
1991-10-21,22.95
1991-10-22,22.65
1991-10-23,22.48
1991-10-24,22.25
1991-10-25,22.35
1991-10-28,21.90
1991-10-29,21.85
1991-10-30,21.95
1991-10-31,22.00
1991-11-01,22.53
1991-11-04,22.73
1991-11-05,22.53
1991-11-06,22.00
1991-11-07,21.85
1991-11-08,21.80
1991-11-11,21.45
1991-11-12,21.20
1991-11-13,21.50
1991-11-14,21.00
1991-11-15,21.63
1991-11-18,21.35
1991-11-19,21.08
1991-11-20,20.48
1991-11-21,20.73
1991-11-22,20.15
1991-11-25,19.78
1991-11-26,19.78
1991-11-27,19.65
1991-11-28,19.98
1991-11-29,20.08
1991-12-02,19.60
1991-12-03,19.20
1991-12-04,19.18
1991-12-05,19.15
1991-12-06,19.05
1991-12-09,18.25
1991-12-10,18.10
1991-12-11,18.28
1991-12-12,18.58
1991-12-13,19.05
1991-12-16,18.55
1991-12-17,18.13
1991-12-18,18.15
1991-12-19,18.15
1991-12-20,18.55
1991-12-23,17.60
1991-12-24,17.78
1991-12-25,.
1991-12-26,17.78
1991-12-27,17.75
1991-12-30,18.00
1991-12-31,17.75
1992-01-01,.
1992-01-02,18.45
1992-01-03,18.50
1992-01-06,18.75
1992-01-07,18.40
1992-01-08,17.30
1992-01-09,17.18
1992-01-10,17.23
1992-01-13,18.08
1992-01-14,18.23
1992-01-15,18.38
1992-01-16,18.68
1992-01-17,18.48
1992-01-20,18.45
1992-01-21,17.85
1992-01-22,17.83
1992-01-23,18.10
1992-01-24,18.33
1992-01-27,18.55
1992-01-28,18.43
1992-01-29,18.15
1992-01-30,18.10
1992-01-31,18.15
1992-02-03,18.35
1992-02-04,18.40
1992-02-05,18.48
1992-02-06,18.53
1992-02-07,18.58
1992-02-10,18.95
1992-02-11,18.48
1992-02-12,18.33
1992-02-13,18.53
1992-02-14,18.63
1992-02-17,17.65
1992-02-18,17.70
1992-02-19,17.50
1992-02-20,17.85
1992-02-21,18.00
1992-02-24,17.40
1992-02-25,17.43
1992-02-26,17.28
1992-02-27,17.55
1992-02-28,17.45
1992-03-02,17.35
1992-03-03,17.05
1992-03-04,17.28
1992-03-05,17.43
1992-03-06,17.30
1992-03-09,17.35
1992-03-10,17.35
1992-03-11,17.20
1992-03-12,17.35
1992-03-13,17.73
1992-03-16,17.73
1992-03-17,17.88
1992-03-18,17.65
1992-03-19,17.65
1992-03-20,17.75
1992-03-23,17.58
1992-03-24,17.65
1992-03-25,17.70
1992-03-26,17.98
1992-03-27,17.85
1992-03-30,17.98
1992-03-31,19.09
1992-04-01,18.38
1992-04-02,18.53
1992-04-03,18.63
1992-04-06,18.93
1992-04-07,18.93
1992-04-08,19.18
1992-04-09,18.95
1992-04-10,19.05
1992-04-13,19.03
1992-04-14,18.85
1992-04-15,18.60
1992-04-16,18.95
1992-04-17,.
1992-04-20,18.95
1992-04-21,19.00
1992-04-22,18.73
1992-04-23,18.70
1992-04-24,18.90
1992-04-27,18.90
1992-04-28,19.18
1992-04-29,19.28
1992-04-30,19.65
1992-05-01,19.83
1992-05-04,19.88
1992-05-05,19.98
1992-05-06,19.68
1992-05-07,19.65
1992-05-08,19.63
1992-05-11,19.73
1992-05-12,19.80
1992-05-13,19.95
1992-05-14,19.75
1992-05-15,19.70
1992-05-18,19.70
1992-05-19,19.30
1992-05-20,19.28
1992-05-21,19.60
1992-05-22,19.58
1992-05-25,.
1992-05-26,20.50
1992-05-27,20.80
1992-05-28,20.73
1992-05-29,20.70
1992-06-01,20.90
1992-06-02,20.85
1992-06-03,21.23
1992-06-04,21.08
1992-06-05,21.35
1992-06-08,21.25
1992-06-09,21.13
1992-06-10,21.05
1992-06-11,21.33
1992-06-12,21.28
1992-06-15,21.30
1992-06-16,21.13
1992-06-17,21.03
1992-06-18,21.23
1992-06-19,21.13
1992-06-22,20.83
1992-06-23,21.35
1992-06-24,21.55
1992-06-25,21.50
1992-06-26,21.30
1992-06-29,21.08
1992-06-30,20.60
1992-07-01,20.25
1992-07-02,20.53
1992-07-03,20.65
1992-07-06,20.45
1992-07-07,19.80
1992-07-08,19.70
1992-07-09,19.78
1992-07-10,20.00
1992-07-13,19.83
1992-07-14,19.98
1992-07-15,19.85
1992-07-16,20.23
1992-07-17,20.20
1992-07-20,19.95
1992-07-21,20.03
1992-07-22,20.23
1992-07-23,20.48
1992-07-24,20.60
1992-07-27,20.58
1992-07-28,20.78
1992-07-29,20.68
1992-07-30,20.48
1992-07-31,20.38
1992-08-03,20.33
1992-08-04,19.85
1992-08-05,19.68
1992-08-06,19.78
1992-08-07,19.75
1992-08-10,19.55
1992-08-11,19.48
1992-08-12,19.65
1992-08-13,19.83
1992-08-14,19.88
1992-08-17,19.95
1992-08-18,19.90
1992-08-19,19.80
1992-08-20,19.63
1992-08-21,19.68
1992-08-24,19.65
1992-08-25,19.68
1992-08-26,19.63
1992-08-27,19.50
1992-08-28,19.65
1992-08-31,19.65
1992-09-01,19.88
1992-09-02,20.00
1992-09-03,19.95
1992-09-04,20.03
1992-09-07,20.13
1992-09-08,20.30
1992-09-09,20.33
1992-09-10,20.30
1992-09-11,20.35
1992-09-14,20.68
1992-09-15,20.50
1992-09-16,20.43
1992-09-17,20.35
1992-09-18,20.30
1992-09-21,20.15
1992-09-22,20.33
1992-09-23,20.53
1992-09-24,20.43
1992-09-25,20.33
1992-09-28,20.28
1992-09-29,20.18
1992-09-30,20.18
1992-10-01,20.28
1992-10-02,20.40
1992-10-05,20.20
1992-10-06,20.23
1992-10-07,20.28
1992-10-08,20.48
1992-10-09,20.48
1992-10-12,20.80
1992-10-13,20.83
1992-10-14,20.68
1992-10-15,20.73
1992-10-16,20.78
1992-10-19,20.73
1992-10-20,20.68
1992-10-21,20.28
1992-10-22,20.13
1992-10-23,20.03
1992-10-26,19.78
1992-10-27,19.78
1992-10-28,19.65
1992-10-29,19.40
1992-10-30,19.13
1992-11-02,19.25
1992-11-03,19.35
1992-11-04,19.03
1992-11-05,19.20
1992-11-06,19.13
1992-11-09,19.10
1992-11-10,19.53
1992-11-11,19.40
1992-11-12,19.18
1992-11-13,19.05
1992-11-16,19.20
1992-11-17,19.15
1992-11-18,19.10
1992-11-19,19.48
1992-11-20,19.48
1992-11-23,19.15
1992-11-24,19.18
1992-11-25,19.28
1992-11-26,18.93
1992-11-27,19.08
1992-11-30,19.25
1992-12-01,18.65
1992-12-02,18.38
1992-12-03,18.20
1992-12-04,18.35
1992-12-07,18.25
1992-12-08,18.08
1992-12-09,17.80
1992-12-10,18.28
1992-12-11,18.20
1992-12-14,18.03
1992-12-15,17.80
1992-12-16,17.90
1992-12-17,18.18
1992-12-18,18.30
1992-12-21,18.33
1992-12-22,18.08
1992-12-23,18.23
1992-12-24,18.28
1992-12-25,.
1992-12-28,.
1992-12-29,17.93
1992-12-30,17.83
1992-12-31,17.85
1993-01-01,.
1993-01-04,17.73
1993-01-05,17.48
1993-01-06,17.53
1993-01-07,17.58
1993-01-08,17.23
1993-01-11,17.28
1993-01-12,16.85
1993-01-13,16.85
1993-01-14,17.00
1993-01-15,17.28
1993-01-18,17.25
1993-01-19,16.98
1993-01-20,16.70
1993-01-21,16.88
1993-01-22,17.08
1993-01-25,17.58
1993-01-26,17.93
1993-01-27,17.88
1993-01-28,18.15
1993-01-29,18.48
1993-02-01,18.55
1993-02-02,18.40
1993-02-03,.
1993-02-04,18.65
1993-02-05,18.70
1993-02-08,18.55
1993-02-09,18.33
1993-02-10,18.48
1993-02-11,18.43
1993-02-12,18.48
1993-02-15,17.98
1993-02-16,18.20
1993-02-17,17.93
1993-02-18,17.83
1993-02-19,18.30
1993-02-22,18.63
1993-02-23,18.88
1993-02-24,18.88
1993-02-25,18.83
1993-02-26,18.83
1993-03-01,19.03
1993-03-02,18.83
1993-03-03,18.93
1993-03-04,19.35
1993-03-05,19.60
1993-03-08,19.28
1993-03-09,19.23
1993-03-10,19.08
1993-03-11,18.70
1993-03-12,18.83
1993-03-15,18.88
1993-03-16,18.55
1993-03-17,18.60
1993-03-18,18.70
1993-03-19,18.58
1993-03-22,18.18
1993-03-23,18.23
1993-03-24,18.53
1993-03-25,18.60
1993-03-26,18.55
1993-03-29,18.65
1993-03-30,18.45
1993-03-31,18.70
1993-04-01,18.98
1993-04-02,18.88
1993-04-05,18.95
1993-04-06,18.65
1993-04-07,18.70
1993-04-08,18.53
1993-04-09,.
1993-04-12,.
1993-04-13,18.80
1993-04-14,18.73
1993-04-15,18.63
1993-04-16,18.50
1993-04-19,18.48
1993-04-20,18.53
1993-04-21,18.68
1993-04-22,18.48
1993-04-23,18.63
1993-04-26,18.63
1993-04-27,18.58
1993-04-28,18.48
1993-04-29,18.80
1993-04-30,18.85
1993-05-03,.
1993-05-04,18.90
1993-05-05,18.85
1993-05-06,19.13
1993-05-07,18.98
1993-05-10,18.98
1993-05-11,18.83
1993-05-12,18.90
